,BR_ID,F_BUS,T_BUS,BR_R,BR_X,BR_B,RATE_A,RATE_B,RATE_C,TAP,SHIFT,BR_STATUS,ANGMIN,ANGMAX,PF,QF,PT,QT,MU_SF,MU_ST,MU_ANGMIN,MU_ANGMAX
0,br0,Bus1,Bus2,0.00281,0.0281,0.00712,400,400,400,0,0,1,-360,360,67.47,10.9,-67.21,-9.73,0,0,0,0
1,br1,Bus1,Bus4,0.00304,0.0304,0.00658,1000,0,0,0,0,1,-360,360,67.47,10.9,-67.21,-9.73,0,0,0,0
2,br2,Bus1,Bus5,0.00064,0.0064,0.03126,1000,0,0,0,0,1,-360,360,-77.86,-13.84,78.14,15.15,0,0,0,0
3,br3,Bus2,Bus3,0.00108,0.0108,0.01852,1000,0,0,0,0,1,-360,360,-77.86,-13.84,78.14,15.15,0,0,0,0
4,br4,Bus3,Bus4,0.00297,0.0297,0.00674,1000,0,0,0,0,1,-360,360,1.17,-5.01,-1.16,-1.51,0,0,0,0
5,br5,Bus4,Bus5,0.00297,0.0297,0.00674,240,240,240,0,0,1,-360,360,16.73,-2.12,-16.58,0.65,0,0,0,0
