,Bus1,Bus2,Bus3,Bus4,Bus5,Hour,LOAD
45,159.59517342558445,137.42930851074195,98.9086927093614,207.53551142948746,185.02107050890336,1,788.4897565840786
46,160.86103196432762,119.3396998405013,100.18424727565234,196.24756108434553,167.3664403446853,2,743.9989805095122
47,125.96504789953303,120.50946695183352,101.72128450054923,201.58648693722475,194.1278622775903,3,743.9101485667309
