,Bus1,Bus2,Bus3,Bus4,Bus5
br0,0,-0.669811321,-0.542906063,-0.193916605,-0.034378567
br1,0,-0.179245283,-0.248136709,-0.437588129,-0.077577951
br2,0,-0.150943396,-0.208957228,-0.368495266,-0.888043482
br3,0,0.330188679,-0.542906063,-0.193916605,-0.034378567
br4,0,0.330188679,0.457093937,-0.193916605,-0.034378567
br5,0,0.150943396,0.208957228,0.368495266,-0.111956518
