,Bus1,Bus2,Bus3,Bus4,Bus5,Hour,LOAD
37,167.27715097007808,140.53203593758175,121.28259512976494,243.55571149179676,226.45838114344315,1,899.1058746726648
