,Bus1,Bus2,Bus3,Bus4,Bus5,Hour,LOAD
26,134.90991241598132,114.29597991390688,99.94007516450621,189.1571782903152,177.8052264879689,1,716.1083722726785
