,Hour,Slot,solar0,solar1,solar2,wind0,wind1,wind2
276,1,1,0.0,0.0,0.0,87.73375857617266,1.27786807989055,1.3576410889041581
277,1,2,0.0,0.0,0.0,101.45748788161815,2.3529431719433176,4.54762803915733
278,1,3,0.0,0.0,0.0,124.57745115430615,0.9988773898268487,22.813078083180148
279,1,4,0.0,0.0,0.0,134.10181821594634,0.06637219633687674,51.5041516003209
280,1,5,0.0,0.0,0.0,118.86359871535228,0.025511409215147846,45.07089568994573
281,1,6,0.0,0.0,0.0,110.64001543128902,0.05853829145087796,30.344197883975312
