,Hour,Slot,solar0,solar1,solar2,wind0,wind1,wind2
252,1,1,0.0,0.0,0.0,60.75338071632397,0.011665302396990766,24.5832078010463
253,1,2,0.0,0.0,0.0,54.84640925949306,0.10427024560055148,21.419768283253333
254,1,3,0.0,0.0,0.0,52.944043681579544,0.2552621972616507,14.62962564223544
255,1,4,0.0,0.0,0.0,64.93261563476214,0.05614360742805877,24.29749802608571
256,1,5,0.0,0.0,0.0,83.13098711867941,0.5825030954076417,25.15072649864288
257,1,6,0.0,0.0,0.0,86.15823090325082,0.6315518773500707,28.080578159400794
