,Bus1,Bus2,Bus3,Bus4,Bus5,Hour,LOAD
41,207.58306631022523,171.18288121835383,151.49954391595733,285.123855124014,261.6053165453938,1,1076.9946631139444
