,Hour,Slot,solar0,solar1,solar2,wind0,wind1,wind2
240,1,1,6.719097290629103,12.426283470268853,5.840202022245741,45.720096218226494,4.885922653963746,22.169871142433085
241,1,2,5.604404204566543,8.95694678164165,9.899589625021214,43.63073436914142,2.846697267307773,21.355655226622073
242,1,3,11.113496983894686,6.216962908332433,4.075611341141995,60.72487969963491,1.6109936299395176,25.50576335081786
243,1,4,8.297669237448282,2.9816963901720457,13.065871455664027,76.52626498211521,1.8707814007013168,26.536887512422968
244,1,5,4.999981003143107,12.850283526690362,14.273235029473534,67.09953511827496,0.461234291038459,24.07896877244806
245,1,6,5.758718983413654,13.327191607512923,10.474958194689075,65.39019780534399,0.049290000718538646,22.02168086086614
