,Bus1,Bus2,Bus3,Bus4,Bus5,Hour,LOAD
35,168.3199351359999,144.07673487421553,121.99642046152276,234.6328790688582,223.43780387521846,1,892.4637734158149
