,Bus1,Bus2,Bus3,Bus4,Bus5,Hour,LOAD
33,167.48718874550357,144.91803580368776,125.2831375295594,234.73734909639987,227.07822723834127,1,899.5039384134918
