,Bus1,Bus2,Bus3,Bus4,Bus5,Hour,LOAD
43,185.48980842936683,158.52071226182957,138.92659753890146,272.2827899685859,252.7876613378111,1,1008.0075695364949
