,Hour,Slot,solar0,solar1,solar2,wind0,wind1,wind2
228,1,1,12.053160242083996,12.327465892935233,16.06780045517512,22.498529652123427,15.045263182928002,27.08141549398665
229,1,2,25.960139804210918,20.239655501194974,17.259789090640073,22.81416242722995,12.709783878001797,27.24153435840906
230,1,3,15.252893512794326,15.334934120076298,18.636069904465536,15.685129975872025,9.32455097742022,28.973540506001292
231,1,4,8.261410707916799,16.36158933799204,18.42855592082654,39.24079728717956,10.797890236653048,25.822664314488176
232,1,5,11.385396680614981,14.471858587328619,12.173287325648634,79.6526559557395,19.961977020691798,24.784776402375503
233,1,6,10.148490856368234,17.281241372282555,16.733747368583817,51.670870805410964,23.328253827739562,27.346188798349296
