,Bus1,Bus2,Bus3,Bus4,Bus5,Hour,LOAD
42,201.48817522259822,165.76592674270628,148.53521385982754,272.6375470072905,258.4068724171102,1,1046.8337352495328
