,Bus1,Bus2,Bus3,Bus4,Bus5,Hour,LOAD
38,164.23475597161755,140.2024477526467,120.738602454548,228.23201675005032,217.58473171475998,1,870.9925546436225
