,Hour,Slot,solar0,solar1,solar2,wind0,wind1,wind2
222,1,1,6.181100276734248,12.617794779571325,24.76587708526428,14.811553433929806,13.716488224444952,26.988450564700713
223,1,2,6.796768311568285,12.414564337570393,15.044814107996789,19.888068270195067,18.443834998812758,23.59138485485977
224,1,3,13.576849048717138,17.822188002857136,21.0891129016605,17.198122887992565,21.417051116735284,26.093622978323197
225,1,4,13.23322551461044,13.761247336564841,20.207908738051326,14.387857277593962,20.041548865695113,29.938323934659262
226,1,5,13.800350363189475,10.216912499717433,6.435334660171861,23.389322328441224,14.018601723051075,30.58826417086137
227,1,6,12.870636394271479,11.370279961398946,20.38535359850147,22.551686570080143,13.577495448637393,25.62406473992538
