,Bus1,Bus2,Bus3,Bus4,Bus5,Hour,LOAD
31,157.8139538898724,124.96625099980331,114.39202099878536,225.85177981822162,205.25607050578233,1,828.280076212465
