,Bus1,Bus2,Bus3,Bus4,Bus5,Hour,LOAD
44,175.3515168280735,147.02782308045457,126.7161982820557,245.39204457252345,231.88629505615987,1,926.373877819267
