,Hour,Slot,solar0,solar1,solar2,wind0,wind1,wind2
210,1,1,13.624344419132527,19.71814180669538,27.875912009987324,25.285447487977557,11.06056110232788,21.40663986748575
211,1,2,14.093951861487573,15.676801266217542,20.377550521074976,31.480142309557213,14.288448861007337,20.566380398952255
212,1,3,16.6959254788996,25.852264125719916,10.19847442043612,24.1384732773368,16.328338946299812,22.56413166819804
213,1,4,8.716947716615314,13.91474478729527,13.931209218934182,24.32302179601691,15.92384430487851,23.8067947206371
214,1,5,12.718040366276744,15.68077011782704,21.97169849414551,25.390535497442315,15.753654479167434,23.912715250850454
215,1,6,10.444519537164362,18.897496083716906,13.49965797731415,21.23189666899535,15.966657790310022,24.36532453994551
