,Bus1,Bus2,Bus3,Bus4,Bus5,Hour,LOAD
29,146.02746998416882,126.4028534580916,108.97975711934679,215.47978742566875,199.02975840080842,1,795.9196263880843
