,Bus1,Bus2,Bus3,Bus4,Bus5,Hour,LOAD
25,133.86013603936138,113.40681419016012,102.74689423999968,193.71938349492845,179.84909284338755,1,723.5823208078372
