,Hour,Slot,solar0,solar1,solar2,wind0,wind1,wind2
198,1,1,5.081353024689559,11.44521054457944,10.841010213488012,14.518116412726306,6.130419433900978,8.914618818647929
199,1,2,6.069676882887207,11.19377250249638,5.369002612297872,16.301543848370606,7.934119472491383,9.114922275722057
200,1,3,4.807626087061895,12.252482142235154,12.34677215063659,18.55192368577195,8.54923408300342,10.71249502506209
201,1,4,3.642011669189393,5.314406400197233,10.714821564263971,27.298654361277563,9.804632861299337,11.598267955197992
202,1,5,4.959740958946362,10.99360034711536,7.941900593766365,27.901551986881955,9.963910321055057,13.76834332013863
203,1,6,8.495920227902209,11.796509802353794,12.181359886911759,34.002761264024805,11.412222409096104,14.24829593316078
