,Hour,Slot,solar0,solar1,solar2,wind0,wind1,wind2
174,1,1,0.0,0.0,0.0,51.10361106830938,4.38952502902294,27.955724655160832
175,1,2,0.0,0.0,0.0,54.486900843120765,4.634259499864878,25.464610091348423
176,1,3,0.0,0.0,0.0,48.98684829034914,3.444750185651961,27.6927414223195
177,1,4,0.0,0.0,0.0,48.185198018701804,3.00904148532103,29.17102997491833
178,1,5,0.0,0.0,0.0,51.68163183564872,3.439400407650038,29.656697872791774
179,1,6,0.0,0.0,0.0,45.67236334137176,2.5865932781914944,31.903148718273243
