,Bus1,Bus2,Bus3,Bus4,Bus5,Hour,LOAD
27,133.58484700219194,114.48235645450269,95.54287304489206,188.56214243654665,179.2280068280985,1,711.4002257662319
