,Hour,Slot,solar0,solar1,solar2,wind0,wind1,wind2
192,1,1,2.27911914131443,2.434960534587083,4.5534510904204435,9.832192612494248,1.7655651168276494,8.598630921192278
193,1,2,0.8859785703581847,2.407133729405375,2.13229145337695,4.6668730498724065,1.9798702740377003,6.1882926686883275
194,1,3,2.1313165421928244,2.5410926214176737,2.0193557400791287,4.983815844141132,2.377490477384511,5.741204511978337
195,1,4,0.5104734061583001,2.4344306790545787,3.126611016800391,7.328587751342345,3.962570571074238,5.915968890268847
196,1,5,1.093774786766948,1.4285347851362389,3.4897845668179355,10.331888629265203,4.559975067518567,7.027759827666672
197,1,6,1.7551416531018291,2.2570021319106823,1.2170209307503577,12.667216500041055,5.058777106427542,8.731374099134666
