,Bus1,Bus2,Bus3,Bus4,Bus5,Hour,LOAD
30,157.6286168341437,136.85634894297675,110.76602709520158,221.96748188436425,206.8762508128165,1,834.0947255695028
