,Bus1,Bus2,Bus3,Bus4,Bus5,Hour,LOAD
28,140.50247220099843,116.07325341384056,99.95071939260788,191.8138925737235,172.82223106752198,1,721.1625686486924
