,Bus1,Bus2,Bus3,Bus4,Bus5,Hour,LOAD
32,161.67278407254076,136.94550136073104,114.92417462433487,230.91303270865026,218.9999742731134,1,863.4554670393703
