,Bus1,Bus2,Bus3,Bus4,Bus5,Hour,LOAD
34,166.8487579345908,140.04926249512843,122.23856544460934,241.31105575549728,222.44214668688554,1,892.8897883167114
