,Bus1,Bus2,Bus3,Bus4,Bus5,Hour,LOAD
46,142.69907964712985,113.81997772801914,104.7020160560257,195.49507655447243,197.14844804852308,1,753.8645980341702
