,Bus1,Bus2,Bus3,Bus4,Bus5,Hour,LOAD
45,156.07358638922233,128.98198054071045,116.00712652105823,217.1263503884381,204.0874248892668,1,822.2764687286959
