,Bus1,Bus2,Bus3,Bus4,Bus5,Hour,LOAD
39,166.9340960105337,135.30854101589543,120.68475806239034,233.1146772271555,214.0529894529257,1,870.0950617689007
