,Bus1,Bus2,Bus3,Bus4,Bus5,Hour,LOAD
47,134.72335342635338,117.92684962035895,101.72092547522247,191.96327637824322,185.4896691080952,1,731.8240740082732
