,Hour,Slot,solar0,solar1,solar2,wind0,wind1,wind2
234,1,1,9.676259688592433,11.62836519864381,10.654636467074695,32.49143209248675,25.89187465027992,22.7645829532004
235,1,2,10.075340532062619,13.591638596518015,3.1051198526563626,26.247106806936785,25.256044840767583,25.514350835403413
236,1,3,10.510335110675967,22.432162685836776,20.72348739078001,24.93405530431905,21.268437595139787,28.027660878970984
237,1,4,5.224896957212139,17.47415177273408,13.979746851228368,33.09612576540405,20.38910265961902,31.21103815773461
238,1,5,6.678728508878033,10.011694529661092,7.076982491987038,39.894847913302506,13.901173577878174,26.117802726885966
239,1,6,5.624865943702643,25.93188811089914,9.914360708179716,55.2382907350694,5.591117756270966,21.548896295579038
