,Hour,Slot,solar0,solar1,solar2,wind0,wind1,wind2
204,1,1,15.432250683450762,9.48423874777809,15.081498452541828,29.69664060316079,13.036964452593665,14.028181626851199
205,1,2,13.083266256411425,10.363071627141043,14.170925328295722,30.951072414287545,12.337821473103038,15.841628725967464
206,1,3,6.10456575127997,10.417600801738475,10.294707079734293,29.822516954625403,12.332618799292645,17.998040494581886
207,1,4,12.032556603211257,10.777871289828353,6.2788865766629245,24.825705511000255,12.960956574429979,15.919721453759852
208,1,5,4.690422217072783,22.06653591087224,10.419524478728158,22.90549561097665,12.620637714353288,17.595264973639015
209,1,6,9.513079532345852,18.018853104434577,10.656976192406248,21.579708118572626,14.554502457620483,20.14373776239381
