,Bus1,Bus2,Bus3,Bus4,Bus5,Hour,LOAD
36,164.42579946694977,145.91181067099097,128.34240446237763,231.74785876521403,220.7785762903484,1,891.2064496558808
