,Bus1,Bus2,Bus3,Bus4,Bus5,Hour,LOAD
40,184.89394756620138,151.49502855816135,136.9349830674406,250.59853017583683,236.14199573174815,1,960.0644850993883
