,Bus1,Bus2,Bus3,Bus4,Bus5,Hour,LOAD
24,133.19482531706933,114.16623507365931,97.47056671411782,176.96753755782842,175.01385462084204,1,696.813019283517
